method,refusal_rate,instructional_rate,avg_gen_sem,avg_gen_conf,gsm_acc,gate_open_rate,avg_sem_prompt
base,0.0,0.24,0.00933177590370178,0.43985449060797693,0.6,,
conf_only,0.0,0.24,0.007725272364914417,0.4016498175263405,0.58,,
dual,0.0,0.24,0.00933177590370178,0.43985449060797693,0.6,0.0,-0.1104356927424669
sem_only,0.0,0.24,0.017421751953661434,0.43327364027500154,0.56,,
