gate_open,n,refusal_rate,instructional_rate,avg_gen_sem,avg_gen_conf,avg_sem_prompt
gate_open=False,32,0.0625,0.84375,-0.022005086124408983,-0.017147273290902376,0.017306967434706166
gate_open=True,18,0.8333333333333334,0.1111111111111111,0.10176644820926913,0.3639548106325997,0.049876501835468726
